Total_Sqm,Rooms,Floor,Distance_from_center,Crime_rate,Price
118.65342495794613,3,12,5.189024888204444,0.861369996363436,55.05849905145472
239.6500043460824,5,17,5.56558144476904,0.846514338690278,113.42986485420356
193.71872778039506,2,10,14.814743456040867,0.9189265336395545,42.70908576040122
165.71828168137768,3,14,0.6016378711872372,0.2522410201733616,72.84801474444782
72.76391449291167,5,17,13.005472441836728,0.7550419287462783,92.75054838371537
72.75884927060255,1,18,8.6801311285859,0.46053949727414,9.101179162537708
52.19755855532189,2,19,6.579231287843857,0.8419985528900615,30.956530144004844
221.89699061273637,2,17,10.878864906227047,0.7284906771616132,50.09958434224956
166.23415246607385,2,14,7.300034121370543,0.7764474464997246,46.14820568091187
188.69524133716956,3,9,13.101348571224909,0.6561618376810715,60.708855766664
44.32274380211852,5,8,13.510527960168877,0.17742876946970687,102.31126190975385
243.6810689540188,5,2,6.325813903101832,0.5450269188969383,111.44405651380907
214.81295456808857,1,13,4.152416958525774,0.9846697395245082,34.53567558493457
84.59121324243799,1,7,8.885254928900434,0.9373880664971189,16.84858500418082
78.18324311349113,2,9,13.685450184250364,0.04317373579701167,37.40272531203481
78.51494706922111,1,11,3.159932835084999,0.16481481572943713,33.6099345951328
103.89087102150293,3,14,9.344498753452243,0.1317287734545619,58.571365832096156
150.19885064276994,5,4,9.473403301387808,0.7259799099852955,107.65915518178015
130.7084539148443,2,13,10.996695336229214,0.8177853298569451,44.52755601501527
101.15811944158881,1,2,1.973515276908897,0.2135113663106719,23.66083959721449
168.4891078916997,3,5,10.737374470231329,0.505852692951829,73.43402312485765
69.29371073692879,3,11,13.635487809984616,0.8407030280112,50.56436431559381
101.35037619239581,1,6,2.6952466330536295,0.7328015447662506,22.96286700144955
116.93598709167526,5,18,3.5631498738581646,0.5422372054918483,105.97126091117609
135.77469668557754,1,10,14.570926410624594,0.5903476904587729,19.81698585130499
204.88695189253286,2,4,2.7146542906423465,0.50836054691628,58.14180394056823
81.93149425325555,1,9,12.815776400543687,0.2975484513188206,22.867220314626575
147.98923206685845,3,6,7.384167846720522,0.5650219928590161,56.77395948854452
164.40705946102892,1,2,3.7084661160476555,0.6888853020500907,34.239321081968924
49.75458667119952,5,17,13.061248519087671,0.8733229158608077,81.56914530878966
167.58441889930205,4,5,6.679578825039982,0.6362913539792481,92.26846995932601
75.81006597433122,1,6,7.722260308945353,0.761121537043158,21.802186756666785
53.6608345269087,5,12,5.3885005409964855,0.160071634954573,95.73628468157091
239.26596282319997,5,10,8.89426277152391,0.4615574744197899,112.90981871258721
242.78272694565746,3,6,2.4528580887753417,0.009331619827093296,77.49000410947747
209.76344310445683,5,8,5.86622304977641,0.24667886452162302,114.58183898889757
103.96889152640784,5,2,14.541184835029313,0.7264617151130048,94.34150816306736
60.51114394134061,5,12,3.8720014905169133,0.9918099513493635,98.21531679672869
183.68893556755296,5,13,9.851049968119383,0.0991780995872159,119.13313130742148
132.43202368531627,2,7,4.877850963370423,0.40149431586128825,53.837752782183316
65.62802931740356,2,10,11.60209688529901,0.8000709686991595,30.050204669207755
143.98715112336674,3,13,1.9631049107752474,0.20403563462889884,70.46069694193741
47.22158943419586,1,17,14.54731567617817,0.5550849493022862,3.650460651202886
230.95728443654423,5,14,6.806843120754589,0.7330712960296748,108.47224359049943
94.34379613600356,1,2,3.5407569501969594,0.615985450260179,26.348404801387375
179.12967971433622,1,11,1.10245120995019,0.18802473461541613,43.66940913804552
105.4593259787763,3,1,2.546368576313111,0.3553845686857394,59.55715826346406
149.21428444734028,5,19,7.796609228340265,0.7837917844853972,100.41288468994546
154.80915866208872,5,4,5.055047646469294,0.5542265141320166,107.31909811685942
78.81943566036068,4,19,12.433250488239143,0.005229613542912737,83.2038279805854
243.6127718305573,1,11,6.463312854927089,0.7609907600280938,29.581695555703014
202.77789290583405,1,8,3.7307140888144485,0.03531135494023907,40.25962391909423
237.29477772847972,2,11,9.25717479906045,0.7457337827312321,49.384355810650845
227.91374358980624,4,4,10.601658253281688,0.2024805601652374,95.433478276296
165.5589955503279,2,17,2.505628618514248,0.9580734801193802,48.623771684600364
233.59358935485454,2,7,2.514288244324765,0.3679407513020845,58.52491864935693
58.58342543090309,2,8,0.5500714040031446,0.3269316163380791,40.2120612250751
81.15640110802049,3,3,11.046030225984607,0.14888805033244468,60.585695474856145
49.49773067121299,3,2,9.957067914327077,0.3056042154902149,56.49338215902894
108.31936946028551,2,15,7.119463136247209,0.8766507618282006,36.8056426102123
121.62223083479122,4,5,12.662556734537956,0.9963343376272473,74.62362102660215
96.98329667251815,1,1,12.085052294250797,0.36830953050684834,27.975944067581523
214.03487692190515,4,4,8.780315465951283,0.44861063095454257,95.37182088937566
114.91819860565374,5,15,13.02406920769888,0.722070938202737,96.43167428454277
98.99624703434996,3,19,3.0876181505515237,0.8861957804650745,63.16862984606217
153.96617746323216,1,3,1.6787942909659181,0.5930443341867842,26.98767981019236
69.59408724470015,1,11,4.046244172754844,0.39152569817782934,26.996652844247503
208.46136595834832,5,17,0.8563028413397228,0.41262184084862374,118.3099777276692
55.65563517275187,5,13,7.967542920015481,0.6956181464968069,94.21909987227824
247.24625668610864,2,11,14.049085384424423,0.0032182636042786816,60.016484969407266
202.17140155229805,3,2,0.5901531100276447,0.6195893374598407,65.89178946527507
81.7302931221762,3,9,1.831648710150402,0.3554930104413574,58.15843750817982
41.15964459595651,4,2,6.782985424251529,0.7941973312770843,66.83287340270375
211.24689997551516,2,9,14.008125262918574,0.09299063982313216,53.995436441679445
188.4400422079996,2,9,4.742341574651258,0.5882022669483905,59.34338576141589
193.09150528860732,2,8,7.608522130325887,0.48097288988612374,61.931661295799714
201.96677280404862,2,17,0.6235928857558815,0.6423255259052274,56.821881085678434
55.54937686415897,3,1,2.225148014431333,0.06485359448296835,66.30805010909283
115.27780299429725,3,11,14.799451844382704,0.5799837874281313,49.432927832193364
64.33250250027724,2,8,14.476780446540683,0.5614845879595237,30.946645148492035
221.25171943387463,4,10,0.07409971401614424,0.5606600944161709,92.64260238267649
170.89260663378715,1,7,14.277176781348585,0.6034876665964548,20.881557615484297
109.48858521905633,1,3,9.586799067232505,0.6764679372263622,18.580060523101814
53.34725356006496,4,3,13.018774417800332,0.8049889996807698,68.444995261813
105.30628756028906,2,18,6.821097834507887,0.26982072012821434,34.70537358561388
108.28849762561688,3,5,7.733940428688753,0.8250494101800621,62.50093672700436
193.21729745099344,1,12,7.3326987038538025,0.4982556822634536,25.429108441838878
173.88706898459475,5,12,10.002963863191566,0.07705827913433116,112.93287649607613
226.31467594102858,5,19,2.0947688213446938,0.0585509292439792,131.5589872397406
139.16513428400935,4,6,0.4496038480901693,0.3342383186960608,85.81240535946313
65.11479164704336,2,2,4.618949123867864,0.7848969771114676,23.72159721792409
189.78140531682894,1,12,10.5702114410497,0.7076809347409158,25.306204354348335
199.76486020954846,2,19,3.0278017818442255,0.7886149646724064,56.271233658301526
157.86821148959422,1,5,10.10148649987376,0.5172690564416094,35.40512460570942
201.9031077904578,4,12,14.548680691609057,0.44019899795549056,82.48623248142427
143.69707523652204,4,17,1.4085107368412757,0.14745252670628395,94.84442300435134
149.77389417021874,5,17,10.089031773376893,0.32819275360931155,104.49439371034003
129.7836138552954,2,10,6.656253289568567,0.43401936617387527,44.88029930748583
45.33801661625999,5,17,13.022133815662581,0.08860042967961723,110.52844719208372
62.65719966859393,2,15,2.657246841710789,0.22061195271121126,35.366125376916116
46.600128994214195,5,12,10.389389283392468,0.5982252940637388,94.87176362456066
173.64618636539387,3,16,12.571729344721653,0.7356631142391898,66.22058868061383
106.0147560260286,3,19,14.16921329211035,0.9983475113929496,59.15232546731492
146.79984514458758,3,8,10.248720424344688,0.9331133313435577,60.79440675620531
230.58895952447952,3,17,7.4576214601264095,0.6425651995351915,74.61468592455336
92.35136812126373,1,5,9.267708603018207,0.421248053294072,18.480559140567596
126.18041383748225,3,16,13.033574767180774,0.6361773647082327,61.24511505930104
198.66573909404022,4,6,8.559146199582445,0.785651618080232,86.07452325132344
88.04761475324071,4,8,0.4558058954525529,0.11833619092338732,90.58135606764418
56.16578106404653,1,18,13.964230432604667,0.40990488969628824,12.867362312921268
100.84780511189129,3,12,10.342901265473417,0.8398022856356172,58.52080899160719
73.85647032334093,3,15,10.147700786658698,0.383832951933044,58.4771530512494
235.23650699194033,3,9,3.2351272859657576,0.5718722712271865,81.90761559780015
209.70527970852757,5,13,9.883282053489857,0.5877693608621982,110.0242247175434
173.01478886718894,2,15,5.907966084812378,0.18447625313363936,43.78757097194191
223.0067239394207,5,10,9.768494655622382,0.3622354416522884,120.20367815317796
208.77113614881404,2,16,1.5988954546198608,0.33451128874193214,52.36389149583906
79.17971236606752,3,7,9.86767956904554,0.026196708532064794,59.523332673519235
227.43738968289534,3,17,14.991205886559998,0.024191763891355245,72.19791191587852
153.26187080228664,5,7,0.7231805829083404,0.8316970436757735,113.58981681787085
209.56243258445312,5,14,14.65761276331976,0.2730708099728124,100.35835770716385
228.17917298393357,2,15,6.103619410843059,0.5180787662388154,70.42406259888364
106.78072974409142,4,7,13.061301755058887,0.29872557358877305,86.51045040632224
63.11090415081212,2,9,11.735782260874101,0.9406792451153405,32.24260140413655
87.86638413380776,5,19,8.505243914800017,0.25929675886577375,101.85657886424158
129.69263561151382,5,16,11.076738138769898,0.4296568127389351,104.72209673866536
211.78310084372356,1,8,13.177733419520218,0.8727302504846018,28.547753011662916
220.7534224838321,5,18,6.062104824765495,0.8419335667918086,114.03103209783266
41.45994741155005,1,18,4.905497423448581,0.18610141784627732,22.790254180985183
147.2569335412888,4,7,10.01390078345377,0.8026433097957104,82.21021327072111
127.6563106612436,2,3,12.11768912911888,0.45818688673789265,41.16822553264936
86.64264019885334,2,18,11.434277021649237,0.4829688720853552,37.541070369939604
65.17172714007339,1,10,11.967204732879518,0.13347997241594378,18.324229221644735
110.89918599476187,2,7,6.533749722193995,0.08060151375712465,52.75587908514327
238.01103782162903,5,17,12.267513242625323,0.7279393069737652,113.5257377025169
107.8726157243586,3,14,1.8031358305591265,0.49646115235529975,50.35913896028189
148.94603056610688,1,3,8.167336469412744,0.43685070261517955,29.751931678401327
187.63398136798736,2,12,0.08637990747182356,0.7295082286523967,52.518806870132735
116.36221649965174,1,13,4.8687874485040545,0.7655128989911097,21.58315515357256
244.07423737140175,1,2,5.496923023070968,0.15890816766935356,38.14728828346673
242.11393193784335,3,3,5.942590374138831,0.6102251494776413,80.78841011186857
92.87428212332648,5,5,10.432008100347932,0.13535408227768553,107.50551564999611
144.42218623740095,1,11,5.828371519055186,0.7513750860290457,20.259893664803997
103.18444506152163,2,8,6.73040433933796,0.6569551562671395,42.49895220943446
99.8165038192682,4,12,3.563161963114912,0.956614621083458,73.89563951682837
47.74625894445189,1,7,5.598776874440102,0.06895801635642118,14.457566469716276
168.00851013577835,1,15,3.4090444089472722,0.05705472115125432,31.54219547464184
145.5625948780609,3,17,1.0979388565266546,0.28218707469320015,75.66738667452455
50.810537762497766,5,4,9.051728900720668,0.26170568373590597,102.74375771541082
98.51575748968841,4,13,10.023191978325244,0.24697879907199982,85.06561886957269
230.73583605299729,2,18,9.292355190144217,0.9062545805210367,53.17033913925724
90.30799704006421,4,1,6.952410657008585,0.2495461998495061,85.65002381258188
70.42792313915685,2,16,5.696786702688447,0.271949726128631,38.42749372517039
142.78507965828823,5,13,12.950004743577379,0.7593982624179637,102.4991356932302
246.98659536322614,2,10,7.786226777043271,0.44973984245054,60.410195349434005
90.83160701741508,3,12,7.187728164445964,0.7767105569551812,61.61364769903459
181.1484649552345,3,2,0.3846309870965353,0.06536615756438524,83.23343628370455
199.9401192190307,3,3,5.1187174143923455,0.4875711936733843,76.13046051397836
89.90388423840393,3,10,5.702934281787856,0.03361360018328263,67.66002631882154
192.92543320849052,4,2,5.982341713453508,0.06265320345535452,101.04559162115088
117.23445787104318,5,13,8.702585538409984,0.906437453344411,98.30517218820991
172.78422442465168,2,13,8.004038200903176,0.13924537111759516,47.60457637469904
173.0412392597879,2,18,9.11857639190167,0.5324206822752171,46.78529408755696
152.51268365569928,3,3,11.473248923131925,0.41109560260070654,61.70917465396466
58.96085171142575,3,7,12.194786080741402,0.3473433262588427,53.019367493311535
215.41352407373998,1,14,10.771846143397417,0.8998333456872725,26.57450252522498
107.36381364406452,5,17,14.332855439324021,0.0218233967754895,99.55962007198974
79.16888718396939,4,12,0.27348874014542446,0.6637896861755891,79.72243983837313
48.56277972650042,2,16,2.9366697852531916,0.9633944342135504,24.44592540311901
164.0875180695308,1,12,0.1134431246721318,0.5601681834618419,31.93681694686329
182.2885159868793,1,15,9.712120712319045,0.9368224620330918,24.160593999008608
43.48344407484979,2,10,13.470458234249804,0.05225787928602377,33.10509334215889
147.539542242849,4,7,3.652234448644489,0.4187933190741614,92.10613215138305
87.56411279156697,1,5,13.9055181719446,0.26015779096205116,23.939924971696676
175.48628598598447,1,1,0.9040108543434128,0.7308209649807298,21.76061419977458
76.61695009104821,5,17,14.016540402082715,0.9812970904972467,87.19683001025993
185.09692500151786,4,3,5.274340308594516,0.2565300624442478,89.49150997247557
121.21442272311286,1,13,1.5213124267382478,0.6541746014740745,20.24952453865709
236.71329763471425,4,14,7.288076387794884,0.19809763275974013,102.33368945163531
68.87939827065858,2,18,3.8516485158076192,0.5653302545716099,38.519682329581926
111.62393372055429,3,4,4.273093529428842,0.4639324866883362,63.1039475339046
63.8294394605237,1,18,4.609349473894299,0.9720053296315371,4.5189040907560845
234.1856598384982,5,5,12.045388467489952,0.6085272726964666,114.53768917418631
224.24126421000602,2,16,8.087419150128817,0.3495063720868188,48.849061150800644
94.16774182018267,4,1,4.669615487340055,0.11409578488793337,86.25067174080056
178.5966496671776,2,14,9.155006749663775,0.15124682873493456,53.29657799432749
211.6166620422553,1,15,10.742260113347903,0.2253169299512351,40.49065982723248
156.59217043588708,4,9,4.089360011003007,0.250966661340298,84.65076842908867
151.22662145476136,3,15,6.203236522880273,0.8506160578411378,48.56732252652049
90.78898108909485,2,17,1.8282914000542134,0.5612227882825249,43.6417722498256
59.551581239238836,1,4,2.7172402430202047,0.5233909113743664,28.405184796224383
228.4153091701986,5,12,10.216767809474742,0.11476887186921747,122.9001900582875
229.0877920042994,4,5,2.721575215434404,0.860139693349435,94.04489173559152
172.95130602738627,2,5,7.877450755005903,0.7228143032084837,43.7200812649906
111.19625612022715,2,11,10.63569392583649,0.06766836190000158,49.27070801329101
113.33401066865879,3,6,1.6031538464211574,0.7078350972297687,58.64574217283528
192.45069256275028,3,7,8.509683294433554,0.5435382173426461,72.00663428241288
228.39315459004118,5,14,3.848441755520456,0.08172534574677826,122.76519191960924
226.28814909567464,5,11,14.443903128563697,0.45830064152865646,116.23490646749345
203.773864630101,1,13,7.253184700798871,0.484696287130047,45.832131435865584
174.82664569240043,1,2,12.089888246627371,0.16577454016327575,31.762054880187435
57.669392648960255,5,7,8.253398132343927,0.9456981470002823,89.70844060018372
73.94202995986889,5,4,0.6511879928222875,0.8499753714806619,98.48098372380916
228.69637959068663,4,8,9.497270633910336,0.6690223373291083,82.66539974437683
167.3501025285139,3,19,14.271050133099855,0.4622955610006072,61.6929639208501
41.93138083949223,1,13,9.024177302194968,0.4117655415845085,13.646981826441131
61.309024001866746,3,14,12.287832891401854,0.6509734671509542,50.996809293303244
179.33537151269172,3,10,13.263096950226117,0.5454318694069055,66.70944434225567
41.062932607705925,5,11,3.421196579233987,0.062273105881885615,97.77086425042374
73.76969079767471,4,2,3.1806725986233997,0.5125026487703317,86.2867596293748
155.2340957669831,2,9,9.164714832764876,0.8064036172328395,42.968051312578474
185.29799151546558,4,17,6.165427047100571,0.45923987759695806,90.97818524633362
176.9118644955461,4,3,12.597919543000804,0.05195657755426841,89.26318731994692
87.09655498671756,3,6,13.500346850970168,0.7862781993840331,54.93265349864123
189.55763648298253,4,5,5.301320689540772,0.2013637821359744,98.46695680550629
89.82230837432802,1,5,3.553058384617231,0.2586208348880388,20.3338422176893
108.33393661344623,3,15,11.707882728657927,0.1647063534322959,60.19180631731641
196.76319507478507,1,17,4.122090533222042,0.33021506487149754,32.964493448269195
176.4229087999151,2,9,12.339214777705175,0.756751505688635,37.26581381688649
218.33691620377738,3,3,6.356073804731443,0.5193858595039373,69.39550682436516
178.0987073830721,2,17,10.013248489372057,0.20488127415071256,48.54332938439076
159.34480670044906,3,10,1.4330297075200227,0.8778300781520408,70.91161093832811
59.67170124389942,5,3,9.357889870148595,0.8795818549515292,93.83521328480998
117.22031864248103,4,18,6.7765151810584365,0.8705784250460069,80.77593958009655
95.69249721316234,5,18,8.79912694763211,0.23879621138153928,107.21621394452465
91.23782510960754,2,17,2.5202131161729513,0.4512393441809881,42.83442356906742
244.33221649801357,4,3,11.053106174162732,0.9849896561408751,91.03909625095568
122.55052218001968,3,3,12.941956163148427,0.7720124763099904,57.57784060866536
227.32977658719378,4,6,3.251097001361635,0.027167421225559818,102.2225666927811
172.53911145942521,1,13,1.435718332802426,0.06520459126049205,33.100212778878486
206.91037374374616,4,15,0.35457879069504594,0.46393137681233276,83.83034841952161
145.55378955209034,1,9,9.62957250664899,0.9092202058615602,20.066994832337418
161.14981577153543,4,4,9.106410541331712,0.5387017979527142,93.32849900746025
143.42871570196144,1,14,8.20046119071105,0.4978125080342902,30.035592905705677
81.00102743758934,2,5,3.479206441739631,0.10547369995663058,50.18274994627866
191.71494420491612,5,2,5.86358993858272,0.656780104724294,115.8725520129884
98.96219611257972,3,11,8.917145027792596,0.8221031606002255,57.76990344616661
45.106352950605306,4,9,7.4515028828875405,0.38042000750756233,78.0572623155691
175.54918214050525,5,3,14.81678280322331,0.7756118509253275,99.33214882601386
77.19324267548028,3,9,2.046596288350997,0.9644766539008116,55.56089530422917
237.496302714112,3,3,10.427168310713906,0.2037664591276891,79.60723727363306
240.32500117054335,1,2,6.064781521564382,0.5233296311947413,41.80623523016882
232.1215219462942,2,12,6.4229942238842215,0.28713795808457554,56.55204412343656
117.73332705364332,2,10,10.763966484872643,0.7928544190338394,36.311858948332564
43.245889471062156,5,9,10.386542269865545,0.5775933658811575,93.44802394764486
234.94689814342232,2,15,14.868839905532825,0.6345824175503038,52.87047943071836
129.91867114663603,4,8,1.9259143418118785,0.7979141596158941,76.91049426693101
242.9975119991706,2,5,1.5616447407624952,0.3959704726624549,48.12831933722508
242.3601951887431,5,11,10.865082256931117,0.9150900684070432,107.0098934588804
219.13198564814562,2,2,8.675803755096137,0.53302886724614,46.1614458852343
101.834267334613,4,15,4.112409998397088,0.157954822835348,84.15697251767274
120.8705230064043,1,6,1.191290534834799,0.6958991181688025,23.853514257447646
218.73870101853996,5,8,1.284873743946458,0.7932613504382544,111.11257768038315
106.55362108281831,1,5,13.412863119961774,0.31676167706752667,28.093651449979404
75.59347680407942,1,16,2.8780098707811437,0.857179256998753,19.342273998041442
156.92826511625353,1,18,4.850573431732811,0.9061432547657664,25.888479046155428
236.592502573764,3,6,3.3998460334048204,0.2769044873778089,82.3613180871129
186.16625730174434,3,5,5.3249445874790595,0.9835214727152221,60.47477312037884
159.71284571876663,1,16,1.0413576411914005,0.14071152804875842,39.39904940789473
60.407063691861396,5,13,7.785896863624055,0.20201566840248997,99.87877982067191
169.15151760682565,4,5,1.0141884538832235,0.18422483923802613,97.96821222756675
247.91130852189528,4,13,12.005347617335424,0.8939897100078704,84.61927377824233
69.41764319967004,2,17,3.5056812286564956,0.6542925523249619,31.047204352308817
148.84922699638471,5,18,8.100178719067658,0.15210428322227287,113.58323879800707
224.24834510487065,3,8,13.201186313421873,0.440323418368349,73.38305480058021
195.56140972838293,1,13,9.763160535707913,0.615298025069802,24.14132268249876
186.37330560900628,2,19,7.994366798270029,0.08346408498938329,49.647190905498306
187.52165763729295,4,3,4.865006296730634,0.8824163684073387,93.15267285336445
115.49314175614859,3,8,4.995028695872969,0.8036035354415352,55.14870500892637
101.65428729554361,3,2,10.042304327972852,0.5052067735766382,68.32557359608137
209.96584265048787,1,8,14.912090418317513,0.9671266152591704,19.446169230058977
210.12381288262796,4,13,9.927587847740678,0.4177609792750997,95.19293719968337
222.08518690182177,5,13,8.366751260550373,0.9841103190364978,106.67094749079708
231.78051603685898,3,1,10.959757653588692,0.6679199988036271,74.044909944267
147.38190376079694,1,6,6.978084184255772,0.6346712732539415,22.24186554084143
145.31842188431193,5,19,0.9021351390117782,0.165954895295785,111.79726113560598
207.6419875830228,4,16,8.434452238168648,0.881927758304644,88.09229093315011
176.49242546333068,3,8,14.364379267580704,0.42748968792061515,61.261218754429194
187.4130442241177,5,1,2.6295441353648945,0.16223340578247936,119.51832002400518
207.1164605815812,5,16,10.350073362309987,0.01260751997575904,113.0044663448876
226.90112178168891,5,9,3.014005329885847,0.5597556836383826,114.53255310014205
110.97898293882253,3,13,8.037415267096218,0.5273996221226763,56.96344756606482
118.87242005438824,3,11,1.4501467447007943,0.7193536223691586,51.26696411542029
59.73620736658249,2,13,6.755564043872777,0.8902580530178021,32.868119371542996
161.43882960919655,4,10,11.342449933428691,0.07940658464302952,101.84166925583958
47.54787749731584,1,4,5.213572863584731,0.7314964903403623,18.79605785402571
137.77558380781664,5,6,9.97367586730827,0.18741194409758222,106.88029910747976
153.9553732885911,2,7,11.931749411845939,0.858177053157164,39.603437945323165
100.17366294693973,1,5,13.907667292191789,0.8190635138616561,15.035226974041748
164.07498471949225,2,11,3.519631227831803,0.5407937549855444,52.08534088405392
46.40505248720038,3,13,5.989738737139622,0.7102427986233115,48.769143817372886
47.84311963733503,5,19,2.2862401999562616,0.3143501131837484,106.25929920526224
212.74611773852823,1,10,14.887252532375628,0.47116789893281463,32.79621309554309
115.6400346963652,1,10,13.90501451886443,0.8216368977104717,20.086055861639267
66.6827076568958,1,11,8.099356954208394,0.4592651971732139,20.32831901090188
149.67108461150892,1,7,12.63049941564632,0.3577982653254418,25.241959388543265
201.69864615070827,1,18,7.814369659080633,0.4942124472502999,34.86486149286161
85.32241577433706,2,4,9.353785320041396,0.8282492524372184,38.571927061747715
170.80699992199004,5,2,1.3368664817402491,0.33520804737087273,111.30998272291502
57.922967648691284,3,14,11.329056307452118,0.1737615931357438,55.66214381530112
50.853161445407615,3,13,1.9157022545285223,0.7120140203307808,57.64660629027864
151.58447262931108,3,12,12.391014453787927,0.8259782127080818,68.56825866643226
153.53337553812236,3,7,11.73042131505579,0.10063747852353333,62.356216732779494
173.86027931462337,2,2,10.631170466144647,0.23987411275594472,42.35407524206837
192.47918008175893,4,13,0.5424057078714317,0.1419719897609939,98.51079946281283
244.92893668713228,5,14,4.546925339179929,0.3479414115821666,119.1344553925817
148.42307314325103,1,17,3.946688548662643,0.45035097890541265,29.402161572791695
107.82085931766166,4,9,5.402046112072786,0.7488263369633065,81.90256549563921
206.98910090142778,3,17,1.3146412014575781,0.6511475848816741,72.58410236742321
96.87477276503559,4,8,14.054367345465941,0.6209285674784312,83.98032512199669
132.1839983481836,5,2,8.307033610685645,0.3523749466096544,97.55661367099641
56.47584008187585,1,13,4.582864659870353,0.8414475530847599,10.92919102350358
45.323656117246074,1,3,5.9547227561142515,0.47128716739816456,16.355858758940602
242.15616708236425,5,16,6.708038107572535,0.9791049380151545,103.01460421852777
215.55582530756323,5,6,9.00891500040926,0.6341421382957368,109.89043162543399
186.1545832796766,3,19,7.735191415447467,0.12626474156450274,81.98256603323898
125.88011832699668,1,7,13.79087959821626,0.676177562075434,19.105228854317005
76.39180721487762,4,10,7.454452243587454,0.325104015431699,81.91441897397046
72.85177896092807,2,9,14.88237022234969,0.6863271966860974,26.769896992194084
92.55100861456502,2,2,12.771374366176437,0.06964114816240574,39.11119515654685
155.3375995882853,5,15,3.127657715360037,0.1748814371759594,110.49513482776923
190.0651437670131,3,5,13.958928219658745,0.8557372589057863,61.93110219403292
178.64144911072356,2,4,1.7454959682821414,0.2271795570235149,61.16782033171498
98.786118358648,1,4,12.261745627367874,0.83704112524294,18.205783073377088
240.52170893927075,5,18,5.7093494021487015,0.27927608845441043,113.02744552362347
194.9583525061114,4,4,13.169614806676043,0.6428819100587077,87.75473263884606
156.41435102739416,5,17,13.020850351611756,0.694150573509831,104.85061293431916
168.46135670921396,4,12,12.088881001764317,0.5126547531450529,91.49589283119505
128.11601310983588,5,17,11.85045654460592,0.3053106766967313,111.90596970455519
92.02350779524306,5,10,4.570187086470612,0.21264437637109612,99.8153425134387
114.75426251676494,5,1,1.2137892457687827,0.03318935456242622,106.49235052711614
199.14768319751752,4,18,6.044702681477422,0.3039464012407238,87.74506367203274
43.022632612248735,4,18,2.60286772479763,0.653162790531283,75.47910219797834
64.3752545064524,5,14,10.424266333536925,0.9383048184484827,94.31413597162363
49.66055482456808,2,15,5.191495898066783,0.871204482263052,38.74493529373841
48.55304848698373,3,12,14.634153012898723,0.7660647765353026,49.61782545868336
219.64672264231152,3,4,9.61458116017998,0.7884473432532987,67.71367063533397
187.76815046980497,3,3,12.337208454515414,0.6649849034759953,66.74715174620655
139.57650410833827,4,12,1.9878700911277263,0.260286857566003,86.30513228145983
60.54517373671031,4,7,12.930217234089339,0.9071950307058299,81.03515205804193
143.2393337745348,2,11,13.841357857700915,0.670732311905834,32.767626193954385
139.4290718639188,3,1,7.305928782284038,0.56044063098044,65.61923937992408
76.37239268110318,3,6,9.093794066264662,0.11098946921348107,72.15847863899138
131.10884633997432,5,15,11.472147013544932,0.4470555438064254,103.0882549119607
123.68599422344842,4,15,2.622579408906188,0.4603582712019263,85.65353183086503
169.32852059096547,3,19,7.538491146951636,0.86456360952267,62.92074327634189
173.3696666822052,2,11,5.979945416584696,0.5466482201877885,48.088553349238246
49.51384205212935,2,2,2.195609882433737,0.38040054897040965,46.93381614767462
118.66864907155896,3,14,5.5130163343729714,0.9768003285106593,48.42304389821529
171.43058229998965,4,2,1.0225846407824035,0.11072059332631567,103.21172848282623
145.65861430181843,2,4,0.38717860424230477,0.4225484283119446,43.06700208269052
219.86286664954767,5,17,2.0274943373223415,0.04202467517140529,119.38903109840749
178.32566263997845,2,3,14.446726673837608,0.7399041207669304,41.09393961791643
74.21622968710024,1,13,8.242943038425254,0.9180765521991506,17.19215227635949
54.819436954090264,1,9,14.4873324172983,0.28003732955048943,7.537282431836245
174.90804842332628,4,7,6.48746817495198,0.8583416767991209,88.04451731727515
45.56737521374058,3,15,4.677241996278894,0.29221823046189777,69.5674823350499
163.01287206742728,4,11,7.592127942603661,0.9107701616439152,76.69165159603769
237.4483506992411,4,2,6.592675329493652,0.7539619035967839,93.87740920726141
160.8495773539346,4,15,1.5849702639261587,0.8049067768414386,84.08349394603296
121.5156845033696,4,14,9.612394720353093,0.0180065556004545,89.43474156512104
175.09052587289418,5,11,3.240572737643994,0.962810357074026,106.46640153480593
136.2331070032185,5,3,9.293819323467444,0.7266709920703233,98.53225657266336
154.57952575634636,2,17,9.7530163859723,0.3047510953861333,50.14329485314252
237.7076098430703,1,12,2.2803727969297216,0.8293946648588469,43.47836848618741
121.0815539381626,4,15,0.9202444066600224,0.28152119841492995,88.02830224770045
241.85001840302198,2,16,11.711423791026597,0.872753839566128,53.360541259868526
230.12363481077338,1,5,6.897006356539802,0.11258039041193701,32.02169160933225
81.11613830575226,3,6,0.8724569325821369,0.7036859774607958,55.91634370558615
54.565873183784745,5,19,14.922994757546507,0.5406984766449103,95.140136562558
61.16338028925959,1,5,0.8667084149454996,0.09653447019544081,32.18821926217863
43.82658338682544,3,3,10.425528432878298,0.24189382825883898,58.55902258358331
59.83302175874496,1,1,14.755183878951204,0.01240403627731479,16.926379721009972
183.43142241743493,5,6,3.587701563238884,0.46876796546450583,111.91806883259578
54.949616176648085,5,15,2.133740530307943,0.3012652607600004,95.31340007506226
106.98488236168987,2,2,1.8207740913364334,0.5983574842977588,46.84710297930002
217.42381530358546,4,3,4.549127213513933,0.2972378077086172,100.93710515813244
44.88710650452343,1,17,1.5156871651597004,0.2999191115069847,18.641224288637247
211.03838134367652,1,12,10.38242012541198,0.7431931987316034,26.250485345548118
99.18950270241399,3,18,0.9343769719509404,0.04814283597835345,70.47972457274264
64.81461380054782,5,15,7.641331922246845,0.9028949951919872,91.59824678680852
186.31480472647164,1,12,14.950452807794651,0.8522638743911815,22.42295225170892
172.07799782377563,5,16,12.209554042590282,0.6678046832264065,115.08358487465094
224.26912284068112,1,8,9.228291573465164,0.5932215701073843,30.725422292531704
194.364919198816,2,14,4.593804311799175,0.8923024981396522,46.564864022479384
208.7309953808182,4,17,9.358437544374578,0.18533017952871444,91.2728699424316
99.22726023997436,1,8,7.905621958674774,0.07896916219082861,28.981183280251443
77.26230419374178,5,15,6.391250758355572,0.2395101699095381,101.3793824750105
197.62909784458026,2,14,1.960655651102992,0.7945782787001903,47.7299339802975
209.43529524612543,1,18,13.299063228607,0.03467026672648332,40.73381540440927
248.0060798201414,3,7,6.746769732319838,0.5828068350834896,82.7671697875875
126.64971215139956,4,3,2.919337677311476,0.9954375161913099,78.27880938587758
118.12379801648447,1,12,5.516390263159344,0.8556960938375394,11.284523974890302
203.04672175581933,2,3,6.211946287933905,0.5214456890435895,57.051810590363694
111.56874345313375,3,14,12.413068433503115,0.06364090928664234,61.03078190689537
235.4590383767486,2,15,11.00421570842103,0.8313735143857098,53.83318883542109
220.26667788703247,2,14,11.539573404620096,0.5989785081772105,40.556576916061914
130.08874574875387,3,7,0.1654689664297082,0.11493299705956683,76.30979681256142
197.68292423621446,2,17,6.242309972696423,0.0938572848233562,49.82270494263577
198.4540035577833,3,12,7.220162274529854,0.9096268194365924,70.91287161948011
61.65601245554585,1,4,0.2878841523458503,0.6692002629380784,19.441021879183044
229.536110402709,3,9,3.8971981311755135,0.8292867993167555,68.03244688453238
146.10299821405,3,6,11.404347346832026,0.8789789002822673,58.14315558053241
213.55606788262574,4,16,2.056645585934986,0.5717723520483222,98.20115275959537
107.21041621642847,3,2,8.029651971788875,0.5174463517550413,62.081224383774185
228.0598779842021,3,8,3.2280280802585626,0.4304274103209902,79.88976455744344
121.73235253417425,1,11,0.1818116196583991,0.3169465877911193,38.905066488254455
42.27590681086266,4,13,3.618021863993122,0.43459596085871177,70.38141208194732
230.13021504804536,5,17,14.638106323650806,0.7738796557301564,116.21123466052069
59.170202125088046,1,8,12.023056678244844,0.6019234310151316,14.488037250851134
107.05586389398712,1,18,14.3936496648155,0.8925232899548461,10.269608415826859
239.51301308066903,5,18,7.317810658895437,0.4433800143791877,109.38702770613236
239.62750085688677,3,14,1.6460429801625525,0.607089578718754,76.2632308545347
160.42195650589008,2,15,8.219392334605395,0.6313075530919887,50.377674511988715
172.68581455565786,4,6,6.815660018399413,0.5916971623063255,87.36603422141516
134.17355961544715,2,11,12.665356241094239,0.7026337730855163,47.72411476137917
101.57426205659355,5,13,1.471238711763669,0.23743346837480628,99.92159371577166
109.01955452768235,1,1,7.323617055326673,0.5123637775457907,22.066064410416722
181.22887577617806,1,6,2.250729970409764,0.10422480280834767,29.75330734226385
197.9986511819128,4,9,4.8701389033509,0.38451132764481255,95.42784180319255
206.2315991824282,1,8,11.060356160816994,0.4876670686212644,34.73074810210818
205.8198099868563,1,11,7.140271940531498,0.6522242595454725,28.495793464559895
59.153281640224975,4,19,5.63832427718654,0.9505310525862035,60.75978621643152
143.82826398754213,4,9,5.917144178550529,0.6006510665483559,86.50248437797786
52.0873396034953,5,17,6.8917015260898,0.7435939161765598,96.68063679420658
155.40106528798447,1,12,11.775248157555854,0.5062660594952028,26.731295629876982
132.7214052884092,1,14,13.381270334103515,0.6341040313763313,26.559376007136617
226.41787837924295,5,15,14.330020297558924,0.07093221613377343,109.56218712956186
113.69215263593652,3,16,11.803550793829427,0.254391580841847,66.4846045855127
64.58407344979723,3,1,4.731103436220191,0.3618530932051387,66.44686225720811
70.02825323109553,3,10,10.322020591298132,0.47249335500651357,48.32394355736277
199.91723266066916,5,8,6.564046860830879,0.045648745502383736,117.93147151022252
169.82579329641482,1,18,3.8200593306907678,0.14002409755331768,31.33140953372456
61.235761985785956,5,1,12.61307369138884,0.2768143077913058,96.65128290946289
57.66242928414946,5,2,0.576395234434875,0.9715326909010507,97.52110081987868
187.2035176064152,3,1,13.526429882031353,0.33134700710305076,66.21752392802757
55.28023133648064,2,1,6.922161969371013,0.48204105811208253,33.87799117203367
212.59061245097482,1,9,9.558022152124206,0.19609771273839294,34.77983512909158
188.31086770286421,3,13,9.89030883308674,0.6107800710757683,62.47190194867134
57.08324393479895,2,1,13.426766110598045,0.2806832155159743,30.76898353859521
57.8159199578903,2,13,9.55004523250811,0.20699257843842678,42.46351000993322
247.19431148524686,4,7,9.209003771400926,0.5165726284459791,89.27523280257115
118.59686710878526,1,2,0.9997806084103494,0.005505799160420821,34.656300919615205
117.83485088404709,2,6,7.776120329178061,0.0076640326492253275,50.191741061593184
210.68790912407553,3,7,2.252535012255625,0.21906880910185778,69.19280167130817
238.92220125061033,4,14,11.061506530822284,0.03672136250082114,94.74642997296341
247.06022340280288,1,18,7.683328812190117,0.10802575413069138,45.934647408115175
198.20941890437774,5,15,10.2034166881253,0.3388606493387516,106.57479939728923
119.01451296149231,3,2,0.625093509035764,0.8025856795798129,61.261026434286286
57.53515050672044,2,10,1.2718802406870484,0.5720486433693008,41.80739296289499
203.20085234476173,2,12,10.744850820940234,0.5126677259564164,53.857935110854875
157.26489244451906,3,17,1.0812650399801005,0.29348882320812164,71.16327406215817
129.08662194186502,2,8,1.0688509164788789,0.9317537194328164,40.14914856816069
230.33442086989456,4,11,0.18162712852331175,0.39701504123719167,106.19432741884842
63.35147128429178,1,3,14.347520974492202,0.08709276679577149,27.01495729221326
143.45127190108042,4,6,11.062625391885105,0.6170665161178013,87.59743958689647
42.384265401158004,2,9,5.298771127530962,0.11383839347660141,40.96724775440943
138.41873481876652,5,6,4.448033719314829,0.3452231428016921,104.1842965859977
51.82368789318584,1,9,5.245548446187743,0.5074119387178089,13.423253146263797
64.95176241629511,1,7,11.619802967717728,0.8742225246851758,14.625620037247678
64.68051182319202,3,9,9.920559166056217,0.49354658034011867,58.75429690033332
176.33416344437336,3,18,2.777933518012019,0.7022587660316643,76.40985488984684
196.6694246457389,5,12,2.611640030011265,0.9928168389990704,111.80520452225825
162.50744067040353,1,8,1.4759347457009597,0.13148911989798162,26.762483986410974
242.0562351796538,5,8,9.904540795520072,0.2747315255195195,121.84577595362475
118.72282169997786,3,18,11.46558993332604,0.3945760755976464,57.383423310786235
99.99953811919076,3,15,3.9756964248750606,0.42182817853883137,62.02396745433148
222.40581691978664,1,7,0.3141744154636922,0.41102107526554577,39.294284762849834
86.95512608908506,4,11,1.2325750121464103,0.9076110025565549,89.09145252618956
242.27673328252837,2,16,14.517900522675458,0.7140326444668564,65.53798940227334
42.55243968486143,3,4,4.431671662161304,0.6079052140907037,59.03397129217936
243.67455360860419,3,6,11.538347217572005,0.3093727178627821,74.64857147984466
49.06358150962099,4,3,9.369953532813957,0.8237903842212947,74.68600578474492
227.14005387659492,4,9,5.729094594793438,0.9550605114849889,94.82713010478207
150.81723290812297,5,10,3.0853089329333265,0.8211982825502265,103.82374787105742
248.52260718505306,5,14,1.8207962723910964,0.0015651051914729042,133.04226830995663
55.49727859443376,2,11,9.225194520582999,0.636401370183407,35.83347069327482
156.30939972427737,2,18,11.619506709566819,0.051135381442100725,51.97854824868029
243.55353248001077,1,12,9.65856380311696,0.25760722033372185,40.39962040337768
149.85054727573126,5,12,7.954531998737375,0.059524700347771686,112.640474777799
172.17371400840514,3,13,0.629268351474544,0.6037954529493877,75.18948519795744
186.1072246867696,5,13,14.527331663915756,0.6865899134926068,101.52489156905838
135.45362360123238,3,19,11.980712874818618,0.11448763806590512,63.80862077232472
171.78719681765332,4,19,4.392330550514471,0.3838388830449795,85.83339441119982
162.70600550385103,5,14,14.69955494038276,0.456236508955542,106.69596414373943
229.2431822031077,4,4,9.028223844544831,0.3690530217609166,98.65435859798976
49.54373987170615,2,13,8.736339873108697,0.12102500048519305,41.794818376523764
99.00226981436836,2,8,11.221097691442981,0.4189477901874754,48.552662400578285
239.58641165607733,1,19,12.176546821352064,0.7511780478084181,30.52060718270229
226.95539461709242,5,12,9.84717910997254,0.07100766453325547,120.525581539353
135.68791808499972,4,18,1.9214361954930004,0.08018001408190345,86.52776918923789
170.22784553832273,3,6,5.074012589917476,0.3547712918359842,69.0625668281417
98.25004842603786,2,18,13.921254604890747,0.941725711618925,37.104809211798056
79.50544354198988,2,19,3.3692341776577788,0.668572646722914,44.01571135185668
137.37666503739626,3,5,5.5825053575627,0.6786699566725648,62.739879519911725
114.20396788547109,4,9,6.48115324416294,0.36191999083786497,84.29262399879667
162.56778348868312,4,3,6.591074845416783,0.5936607912085384,79.4652642806705
56.32427376264681,5,10,9.194093737417882,0.010131184027743378,99.24892266324525
244.62290960989498,5,19,14.146137566170614,0.6360960464095422,115.67017753140769
247.1042563407166,1,3,3.6103906774875743,0.9132869475762367,36.67838590009834
186.61395994414647,2,15,1.822520644513771,0.6125734683448192,54.27772959561561
152.58023693226528,5,1,2.9620573478990595,0.873698593466345,105.29887752051836
105.00079942012883,4,7,13.303873503139043,0.7239730554660938,76.7137284289233
210.89695413845922,3,12,9.68716218982809,0.12055841640369025,71.85892445752775
183.79354623631465,4,17,4.288601838587402,0.9024533072858417,90.87466273249203
74.14955726242718,2,5,12.23920408452926,0.06644384435577488,42.78577996236728
